Date,FG_Index,FG_Classification
2016-01-01,50,Neutral
2016-01-04,50,Neutral
2016-01-05,51,Neutral
2016-01-06,53,Neutral
2016-01-07,53,Neutral
2016-01-08,53,Neutral
2016-01-11,55,Neutral
2016-01-12,56,Greed
2016-01-13,55,Neutral
2016-01-14,56,Greed
2016-01-15,56,Greed
2016-01-18,55,Neutral
2016-01-19,55,Neutral
2016-01-20,52,Neutral
2016-01-21,50,Neutral
2016-01-22,49,Neutral
2016-01-25,47,Neutral
2016-01-26,48,Neutral
2016-01-27,46,Neutral
2016-01-28,44,Fear
2016-01-29,47,Neutral
2016-02-01,46,Neutral
2016-02-02,46,Neutral
2016-02-03,44,Fear
2016-02-04,43,Fear
2016-02-05,44,Fear
2016-02-08,42,Fear
2016-02-09,42,Fear
2016-02-10,41,Fear
2016-02-11,41,Fear
2016-02-12,40,Fear
2016-02-15,43,Fear
2016-02-16,43,Fear
2016-02-17,41,Fear
2016-02-18,43,Fear
2016-02-19,41,Fear
2016-02-22,41,Fear
2016-02-23,38,Fear
2016-02-24,36,Fear
2016-02-25,36,Fear
2016-02-26,37,Fear
2016-02-29,38,Fear
2016-03-01,38,Fear
2016-03-02,37,Fear
2016-03-03,35,Fear
2016-03-04,34,Fear
2016-03-07,33,Fear
2016-03-08,35,Fear
2016-03-09,35,Fear
2016-03-10,33,Fear
2016-03-11,33,Fear
2016-03-14,32,Fear
2016-03-15,31,Fear
2016-03-16,32,Fear
2016-03-17,34,Fear
2016-03-18,35,Fear
2016-03-21,34,Fear
2016-03-22,34,Fear
2016-03-23,34,Fear
2016-03-24,36,Fear
2016-03-25,35,Fear
2016-03-28,35,Fear
2016-03-29,33,Fear
2016-03-30,31,Fear
2016-03-31,32,Fear
2016-04-01,34,Fear
2016-04-04,34,Fear
2016-04-05,36,Fear
2016-04-06,36,Fear
2016-04-07,35,Fear
2016-04-08,36,Fear
2016-04-11,38,Fear
2016-04-12,38,Fear
2016-04-13,40,Fear
2016-04-14,37,Fear
2016-04-15,38,Fear
2016-04-18,38,Fear
2016-04-19,37,Fear
2016-04-20,38,Fear
2016-04-21,35,Fear
2016-04-22,34,Fear
2016-04-25,35,Fear
2016-04-26,37,Fear
2016-04-27,36,Fear
2016-04-28,35,Fear
2016-04-29,34,Fear
2016-05-02,36,Fear
2016-05-03,36,Fear
2016-05-04,35,Fear
2016-05-05,36,Fear
2016-05-06,36,Fear
2016-05-09,38,Fear
2016-05-10,37,Fear
2016-05-11,36,Fear
2016-05-12,36,Fear
2016-05-13,33,Fear
2016-05-16,34,Fear
2016-05-17,34,Fear
2016-05-18,34,Fear
2016-05-19,34,Fear
2016-05-20,32,Fear
2016-05-23,31,Fear
2016-05-24,31,Fear
2016-05-25,29,Fear
2016-05-26,29,Fear
2016-05-27,30,Fear
2016-05-30,33,Fear
2016-05-31,33,Fear
2016-06-01,33,Fear
2016-06-02,33,Fear
2016-06-03,30,Fear
2016-06-06,30,Fear
2016-06-07,30,Fear
2016-06-08,34,Fear
2016-06-09,34,Fear
2016-06-10,34,Fear
2016-06-13,34,Fear
2016-06-14,32,Fear
2016-06-15,34,Fear
2016-06-16,35,Fear
2016-06-17,36,Fear
2016-06-20,35,Fear
2016-06-21,37,Fear
2016-06-22,35,Fear
2016-06-23,36,Fear
2016-06-24,39,Fear
2016-06-27,38,Fear
2016-06-28,37,Fear
2016-06-29,37,Fear
2016-06-30,36,Fear
2016-07-01,34,Fear
2016-07-04,34,Fear
2016-07-05,32,Fear
2016-07-06,33,Fear
2016-07-07,32,Fear
2016-07-08,34,Fear
2016-07-11,33,Fear
2016-07-12,32,Fear
2016-07-13,34,Fear
2016-07-14,32,Fear
2016-07-15,32,Fear
2016-07-18,34,Fear
2016-07-19,32,Fear
2016-07-20,32,Fear
2016-07-21,32,Fear
2016-07-22,34,Fear
2016-07-25,32,Fear
2016-07-26,30,Fear
2016-07-27,31,Fear
2016-07-28,31,Fear
2016-07-29,31,Fear
2016-08-01,32,Fear
2016-08-02,31,Fear
2016-08-03,31,Fear
2016-08-04,32,Fear
2016-08-05,31,Fear
2016-08-08,33,Fear
2016-08-09,34,Fear
2016-08-10,32,Fear
2016-08-11,33,Fear
2016-08-12,32,Fear
2016-08-15,33,Fear
2016-08-16,35,Fear
2016-08-17,34,Fear
2016-08-18,35,Fear
2016-08-19,36,Fear
2016-08-22,37,Fear
2016-08-23,40,Fear
2016-08-24,39,Fear
2016-08-25,38,Fear
2016-08-26,37,Fear
2016-08-29,36,Fear
2016-08-30,35,Fear
2016-08-31,36,Fear
2016-09-01,36,Fear
2016-09-02,38,Fear
2016-09-05,38,Fear
2016-09-06,40,Fear
2016-09-07,39,Fear
2016-09-08,44,Fear
2016-09-09,44,Fear
2016-09-12,43,Fear
2016-09-13,42,Fear
2016-09-14,42,Fear
2016-09-15,42,Fear
2016-09-16,43,Fear
2016-09-19,44,Fear
2016-09-20,44,Fear
2016-09-21,42,Fear
2016-09-22,40,Fear
2016-09-23,39,Fear
2016-09-26,41,Fear
2016-09-27,41,Fear
2016-09-28,39,Fear
2016-09-29,39,Fear
2016-09-30,40,Fear
2016-10-03,39,Fear
2016-10-04,39,Fear
2016-10-05,39,Fear
2016-10-06,37,Fear
2016-10-07,38,Fear
2016-10-10,39,Fear
2016-10-11,40,Fear
2016-10-12,42,Fear
2016-10-13,40,Fear
2016-10-14,38,Fear
2016-10-17,39,Fear
2016-10-18,40,Fear
2016-10-19,41,Fear
2016-10-20,46,Neutral
2016-10-21,47,Neutral
2016-10-24,49,Neutral
2016-10-25,50,Neutral
2016-10-26,51,Neutral
2016-10-27,51,Neutral
2016-10-28,52,Neutral
2016-10-31,51,Neutral
2016-11-01,51,Neutral
2016-11-02,50,Neutral
2016-11-03,50,Neutral
2016-11-04,53,Neutral
2016-11-07,51,Neutral
2016-11-08,52,Neutral
2016-11-09,49,Neutral
2016-11-10,49,Neutral
2016-11-11,50,Neutral
2016-11-14,50,Neutral
2016-11-15,49,Neutral
2016-11-16,48,Neutral
2016-11-17,49,Neutral
2016-11-18,48,Neutral
2016-11-21,48,Neutral
2016-11-22,48,Neutral
2016-11-23,47,Neutral
2016-11-24,50,Neutral
2016-11-25,51,Neutral
2016-11-28,48,Neutral
2016-11-29,48,Neutral
2016-11-30,47,Neutral
2016-12-01,49,Neutral
2016-12-02,47,Neutral
2016-12-05,47,Neutral
2016-12-06,48,Neutral
2016-12-07,49,Neutral
2016-12-08,48,Neutral
2016-12-09,47,Neutral
2016-12-12,46,Neutral
2016-12-13,45,Neutral
2016-12-14,48,Neutral
2016-12-15,49,Neutral
2016-12-16,47,Neutral
2016-12-19,48,Neutral
2016-12-20,51,Neutral
2016-12-21,53,Neutral
2016-12-22,51,Neutral
2016-12-23,50,Neutral
2016-12-26,52,Neutral
2016-12-27,51,Neutral
2016-12-28,51,Neutral
2016-12-29,52,Neutral
2016-12-30,51,Neutral
2017-01-02,51,Neutral
2017-01-03,46,Neutral
2017-01-04,45,Neutral
2017-01-05,44,Fear
2017-01-06,42,Fear
2017-01-09,45,Neutral
2017-01-10,43,Fear
2017-01-11,42,Fear
2017-01-12,42,Fear
2017-01-13,44,Fear
2017-01-16,42,Fear
2017-01-17,44,Fear
2017-01-18,44,Fear
2017-01-19,42,Fear
2017-01-20,43,Fear
2017-01-23,43,Fear
2017-01-24,43,Fear
2017-01-25,43,Fear
2017-01-26,42,Fear
2017-01-27,42,Fear
2017-01-30,43,Fear
2017-01-31,46,Neutral
2017-02-01,44,Fear
2017-02-02,47,Neutral
2017-02-03,44,Fear
2017-02-06,44,Fear
2017-02-07,45,Neutral
2017-02-08,45,Neutral
2017-02-09,44,Fear
2017-02-10,44,Fear
2017-02-13,43,Fear
2017-02-14,42,Fear
2017-02-15,44,Fear
2017-02-16,44,Fear
2017-02-17,43,Fear
2017-02-20,44,Fear
2017-02-21,45,Neutral
2017-02-22,46,Neutral
2017-02-23,47,Neutral
2017-02-24,46,Neutral
2017-02-27,45,Neutral
2017-02-28,46,Neutral
2017-03-01,47,Neutral
2017-03-02,47,Neutral
2017-03-03,47,Neutral
2017-03-06,49,Neutral
2017-03-07,48,Neutral
2017-03-08,49,Neutral
2017-03-09,49,Neutral
2017-03-10,48,Neutral
2017-03-13,50,Neutral
2017-03-14,51,Neutral
2017-03-15,52,Neutral
2017-03-16,54,Neutral
2017-03-17,54,Neutral
2017-03-20,55,Neutral
2017-03-21,55,Neutral
2017-03-22,55,Neutral
2017-03-23,55,Neutral
2017-03-24,55,Neutral
2017-03-27,56,Greed
2017-03-28,55,Neutral
2017-03-29,58,Greed
2017-03-30,57,Greed
2017-03-31,55,Neutral
2017-04-03,57,Greed
2017-04-04,58,Greed
2017-04-05,59,Greed
2017-04-06,60,Greed
2017-04-07,60,Greed
2017-04-10,58,Greed
2017-04-11,58,Greed
2017-04-12,57,Greed
2017-04-13,59,Greed
2017-04-14,59,Greed
2017-04-17,57,Greed
2017-04-18,57,Greed
2017-04-19,58,Greed
2017-04-20,57,Greed
2017-04-21,55,Neutral
2017-04-24,56,Greed
2017-04-25,56,Greed
2017-04-26,55,Neutral
2017-04-27,55,Neutral
2017-04-28,55,Neutral
2017-05-01,53,Neutral
2017-05-02,51,Neutral
2017-05-03,50,Neutral
2017-05-04,49,Neutral
2017-05-05,50,Neutral
2017-05-08,52,Neutral
2017-05-09,53,Neutral
2017-05-10,53,Neutral
2017-05-11,53,Neutral
2017-05-12,52,Neutral
2017-05-15,52,Neutral
2017-05-16,51,Neutral
2017-05-17,52,Neutral
2017-05-18,50,Neutral
2017-05-19,51,Neutral
2017-05-22,53,Neutral
2017-05-23,53,Neutral
2017-05-24,54,Neutral
2017-05-25,55,Neutral
2017-05-26,54,Neutral
2017-05-29,55,Neutral
2017-05-30,55,Neutral
2017-05-31,55,Neutral
2017-06-01,54,Neutral
2017-06-02,54,Neutral
2017-06-05,54,Neutral
2017-06-06,57,Greed
2017-06-07,58,Greed
2017-06-08,61,Greed
2017-06-09,60,Greed
2017-06-12,61,Greed
2017-06-13,62,Greed
2017-06-14,65,Greed
2017-06-15,64,Greed
2017-06-16,63,Greed
2017-06-19,62,Greed
2017-06-20,58,Greed
2017-06-21,58,Greed
2017-06-22,57,Greed
2017-06-23,57,Greed
2017-06-26,57,Greed
2017-06-27,60,Greed
2017-06-28,62,Greed
2017-06-29,61,Greed
2017-06-30,59,Greed
2017-07-03,60,Greed
2017-07-04,58,Greed
2017-07-05,61,Greed
2017-07-06,63,Greed
2017-07-07,62,Greed
2017-07-10,59,Greed
2017-07-11,61,Greed
2017-07-12,61,Greed
2017-07-13,63,Greed
2017-07-14,61,Greed
2017-07-17,60,Greed
2017-07-18,60,Greed
2017-07-19,60,Greed
2017-07-20,59,Greed
2017-07-21,60,Greed
2017-07-24,58,Greed
2017-07-25,58,Greed
2017-07-26,58,Greed
2017-07-27,59,Greed
2017-07-28,60,Greed
2017-07-31,59,Greed
2017-08-01,56,Greed
2017-08-02,58,Greed
2017-08-03,59,Greed
2017-08-04,58,Greed
2017-08-07,60,Greed
2017-08-08,60,Greed
2017-08-09,62,Greed
2017-08-10,62,Greed
2017-08-11,65,Greed
2017-08-14,68,Greed
2017-08-15,67,Greed
2017-08-16,69,Greed
2017-08-17,70,Greed
2017-08-18,72,Greed
2017-08-21,70,Greed
2017-08-22,71,Greed
2017-08-23,73,Greed
2017-08-24,70,Greed
2017-08-25,69,Greed
2017-08-28,65,Greed
2017-08-29,65,Greed
2017-08-30,66,Greed
2017-08-31,68,Greed
2017-09-01,69,Greed
2017-09-04,71,Greed
2017-09-05,69,Greed
2017-09-06,66,Greed
2017-09-07,66,Greed
2017-09-08,67,Greed
2017-09-11,67,Greed
2017-09-12,64,Greed
2017-09-13,64,Greed
2017-09-14,62,Greed
2017-09-15,63,Greed
2017-09-18,63,Greed
2017-09-19,62,Greed
2017-09-20,61,Greed
2017-09-21,59,Greed
2017-09-22,59,Greed
2017-09-25,61,Greed
2017-09-26,59,Greed
2017-09-27,60,Greed
2017-09-28,59,Greed
2017-09-29,58,Greed
2017-10-02,58,Greed
2017-10-03,56,Greed
2017-10-04,55,Neutral
2017-10-05,54,Neutral
2017-10-06,57,Greed
2017-10-09,57,Greed
2017-10-10,56,Greed
2017-10-11,56,Greed
2017-10-12,56,Greed
2017-10-13,55,Neutral
2017-10-16,56,Greed
2017-10-17,57,Greed
2017-10-18,57,Greed
2017-10-19,56,Greed
2017-10-20,55,Neutral
2017-10-23,52,Neutral
2017-10-24,50,Neutral
2017-10-25,52,Neutral
2017-10-26,54,Neutral
2017-10-27,54,Neutral
2017-10-30,55,Neutral
2017-10-31,55,Neutral
2017-11-01,60,Greed
2017-11-02,61,Greed
2017-11-03,61,Greed
2017-11-06,60,Greed
2017-11-07,57,Greed
2017-11-08,58,Greed
2017-11-09,57,Greed
2017-11-10,54,Neutral
2017-11-13,54,Neutral
2017-11-14,52,Neutral
2017-11-15,54,Neutral
2017-11-16,56,Greed
2017-11-17,56,Greed
2017-11-20,58,Greed
2017-11-21,58,Greed
2017-11-22,57,Greed
2017-11-23,59,Greed
2017-11-24,60,Greed
2017-11-27,58,Greed
2017-11-28,58,Greed
2017-11-29,57,Greed
2017-11-30,55,Neutral
2017-12-01,56,Greed
2017-12-04,59,Greed
2017-12-05,57,Greed
2017-12-06,58,Greed
2017-12-07,57,Greed
2017-12-08,56,Greed
2017-12-11,55,Neutral
2017-12-12,54,Neutral
2017-12-13,54,Neutral
2017-12-14,53,Neutral
2017-12-15,53,Neutral
2017-12-18,53,Neutral
2017-12-19,53,Neutral
2017-12-20,51,Neutral
2017-12-21,50,Neutral
2017-12-22,51,Neutral
2017-12-25,52,Neutral
2017-12-26,51,Neutral
2017-12-27,51,Neutral
2017-12-28,52,Neutral
2017-12-29,49,Neutral
2018-01-01,50,Neutral
2018-01-02,49,Neutral
2018-01-03,50,Neutral
2018-01-04,49,Neutral
2018-01-05,46,Neutral
2018-01-08,44,Fear
2018-01-09,44,Fear
2018-01-10,44,Fear
2018-01-11,43,Fear
2018-01-12,44,Fear
2018-01-15,41,Fear
2018-01-16,41,Fear
2018-01-17,40,Fear
2018-01-18,39,Fear
2018-01-19,39,Fear
2018-01-22,37,Fear
2018-01-23,37,Fear
2018-01-24,38,Fear
2018-01-25,37,Fear
2018-01-26,39,Fear
2018-01-29,37,Fear
2018-01-30,38,Fear
2018-01-31,40,Fear
2018-02-01,36,Fear
2018-02-02,35,Fear
2018-02-05,36,Fear
2018-02-06,36,Fear
2018-02-07,36,Fear
2018-02-08,35,Fear
2018-02-09,35,Fear
2018-02-12,35,Fear
2018-02-13,37,Fear
2018-02-14,37,Fear
2018-02-15,38,Fear
2018-02-16,37,Fear
2018-02-19,36,Fear
2018-02-20,36,Fear
2018-02-21,36,Fear
2018-02-22,36,Fear
2018-02-23,36,Fear
2018-02-26,39,Fear
2018-02-27,41,Fear
2018-02-28,40,Fear
2018-03-01,42,Fear
2018-03-02,41,Fear
2018-03-05,38,Fear
2018-03-06,37,Fear
2018-03-07,34,Fear
2018-03-08,33,Fear
2018-03-09,33,Fear
2018-03-12,36,Fear
2018-03-13,36,Fear
2018-03-14,36,Fear
2018-03-15,37,Fear
2018-03-16,34,Fear
2018-03-19,34,Fear
2018-03-20,36,Fear
2018-03-21,33,Fear
2018-03-22,35,Fear
2018-03-23,36,Fear
2018-03-26,35,Fear
2018-03-27,36,Fear
2018-03-28,39,Fear
2018-03-29,40,Fear
2018-03-30,40,Fear
2018-04-02,39,Fear
2018-04-03,38,Fear
2018-04-04,39,Fear
2018-04-05,38,Fear
2018-04-06,38,Fear
2018-04-09,37,Fear
2018-04-10,38,Fear
2018-04-11,39,Fear
2018-04-12,40,Fear
2018-04-13,39,Fear
2018-04-16,39,Fear
2018-04-17,37,Fear
2018-04-18,37,Fear
2018-04-19,37,Fear
2018-04-20,38,Fear
2018-04-23,37,Fear
2018-04-24,38,Fear
2018-04-25,40,Fear
2018-04-26,41,Fear
2018-04-27,44,Fear
2018-04-30,43,Fear
2018-05-01,41,Fear
2018-05-02,38,Fear
2018-05-03,40,Fear
2018-05-04,41,Fear
2018-05-07,41,Fear
2018-05-08,42,Fear
2018-05-09,40,Fear
2018-05-10,44,Fear
2018-05-11,44,Fear
2018-05-14,44,Fear
2018-05-15,45,Neutral
2018-05-16,46,Neutral
2018-05-17,46,Neutral
2018-05-18,45,Neutral
2018-05-21,46,Neutral
2018-05-22,49,Neutral
2018-05-23,51,Neutral
2018-05-24,53,Neutral
2018-05-25,52,Neutral
2018-05-28,51,Neutral
2018-05-29,51,Neutral
2018-05-30,51,Neutral
2018-05-31,52,Neutral
2018-06-01,50,Neutral
2018-06-04,52,Neutral
2018-06-05,52,Neutral
2018-06-06,51,Neutral
2018-06-07,50,Neutral
2018-06-08,47,Neutral
2018-06-11,48,Neutral
2018-06-12,48,Neutral
2018-06-13,47,Neutral
2018-06-14,45,Neutral
2018-06-15,44,Fear
2018-06-18,47,Neutral
2018-06-19,46,Neutral
2018-06-20,44,Fear
2018-06-21,44,Fear
2018-06-22,43,Fear
2018-06-25,39,Fear
2018-06-26,39,Fear
2018-06-27,39,Fear
2018-06-28,40,Fear
2018-06-29,43,Fear
2018-07-02,44,Fear
2018-07-03,44,Fear
2018-07-04,42,Fear
2018-07-05,46,Neutral
2018-07-06,46,Neutral
2018-07-09,46,Neutral
2018-07-10,46,Neutral
2018-07-11,46,Neutral
2018-07-12,46,Neutral
2018-07-13,45,Neutral
2018-07-16,44,Fear
2018-07-17,44,Fear
2018-07-18,44,Fear
2018-07-19,43,Fear
2018-07-20,43,Fear
2018-07-23,42,Fear
2018-07-24,45,Neutral
2018-07-25,41,Fear
2018-07-26,42,Fear
2018-07-27,44,Fear
2018-07-30,41,Fear
2018-07-31,40,Fear
2018-08-01,40,Fear
2018-08-02,38,Fear
2018-08-03,37,Fear
2018-08-06,35,Fear
2018-08-07,38,Fear
2018-08-08,39,Fear
2018-08-09,41,Fear
2018-08-10,42,Fear
2018-08-13,40,Fear
2018-08-14,40,Fear
2018-08-15,40,Fear
2018-08-16,38,Fear
2018-08-17,39,Fear
2018-08-20,39,Fear
2018-08-21,39,Fear
2018-08-22,40,Fear
2018-08-23,40,Fear
2018-08-24,40,Fear
2018-08-27,41,Fear
2018-08-28,40,Fear
2018-08-29,41,Fear
2018-08-30,42,Fear
2018-08-31,41,Fear
2018-09-03,42,Fear
2018-09-04,40,Fear
2018-09-05,41,Fear
2018-09-06,41,Fear
2018-09-07,40,Fear
2018-09-10,42,Fear
2018-09-11,41,Fear
2018-09-12,39,Fear
2018-09-13,36,Fear
2018-09-14,37,Fear
2018-09-17,35,Fear
2018-09-18,38,Fear
2018-09-19,35,Fear
2018-09-20,37,Fear
2018-09-21,38,Fear
2018-09-24,37,Fear
2018-09-25,37,Fear
2018-09-26,37,Fear
2018-09-27,37,Fear
2018-09-28,39,Fear
2018-10-01,39,Fear
2018-10-02,39,Fear
2018-10-03,39,Fear
2018-10-04,39,Fear
2018-10-05,39,Fear
2018-10-08,36,Fear
2018-10-09,34,Fear
2018-10-10,36,Fear
2018-10-11,36,Fear
2018-10-12,36,Fear
2018-10-15,36,Fear
2018-10-16,36,Fear
2018-10-17,35,Fear
2018-10-18,34,Fear
2018-10-19,34,Fear
2018-10-22,33,Fear
2018-10-23,34,Fear
2018-10-24,31,Fear
2018-10-25,33,Fear
2018-10-26,33,Fear
2018-10-29,34,Fear
2018-10-30,35,Fear
2018-10-31,38,Fear
2018-11-01,39,Fear
2018-11-02,36,Fear
2018-11-05,34,Fear
2018-11-06,34,Fear
2018-11-07,34,Fear
2018-11-08,34,Fear
2018-11-09,33,Fear
2018-11-12,34,Fear
2018-11-13,32,Fear
2018-11-14,31,Fear
2018-11-15,29,Fear
2018-11-16,28,Fear
2018-11-19,26,Fear
2018-11-20,25,Fear
2018-11-21,26,Fear
2018-11-22,25,Fear
2018-11-23,29,Fear
2018-11-26,29,Fear
2018-11-27,30,Fear
2018-11-28,28,Fear
2018-11-29,29,Fear
2018-11-30,29,Fear
2018-12-03,29,Fear
2018-12-04,33,Fear
2018-12-05,32,Fear
2018-12-06,34,Fear
2018-12-07,33,Fear
2018-12-10,33,Fear
2018-12-11,36,Fear
2018-12-12,35,Fear
2018-12-13,37,Fear
2018-12-14,39,Fear
2018-12-17,38,Fear
2018-12-18,39,Fear
2018-12-19,40,Fear
2018-12-20,41,Fear
2018-12-21,39,Fear
2018-12-24,38,Fear
2018-12-25,37,Fear
2018-12-26,37,Fear
2018-12-27,38,Fear
2018-12-28,38,Fear
2018-12-31,36,Fear
2019-01-01,37,Fear
2019-01-02,38,Fear
2019-01-03,39,Fear
2019-01-04,40,Fear
2019-01-07,41,Fear
2019-01-08,42,Fear
2019-01-09,42,Fear
2019-01-10,40,Fear
2019-01-11,40,Fear
2019-01-14,41,Fear
2019-01-15,41,Fear
2019-01-16,39,Fear
2019-01-17,37,Fear
2019-01-18,39,Fear
2019-01-21,39,Fear
2019-01-22,40,Fear
2019-01-23,40,Fear
2019-01-24,40,Fear
2019-01-25,41,Fear
2019-01-28,41,Fear
2019-01-29,41,Fear
2019-01-30,40,Fear
2019-01-31,39,Fear
2019-02-01,39,Fear
2019-02-04,39,Fear
2019-02-05,39,Fear
2019-02-06,40,Fear
2019-02-07,39,Fear
2019-02-08,39,Fear
2019-02-11,38,Fear
2019-02-12,40,Fear
2019-02-13,41,Fear
2019-02-14,42,Fear
2019-02-15,40,Fear
2019-02-18,40,Fear
2019-02-19,42,Fear
2019-02-20,42,Fear
2019-02-21,43,Fear
2019-02-22,43,Fear
2019-02-25,45,Neutral
2019-02-26,48,Neutral
2019-02-27,48,Neutral
2019-02-28,47,Neutral
2019-03-01,49,Neutral
2019-03-04,52,Neutral
2019-03-05,51,Neutral
2019-03-06,50,Neutral
2019-03-07,50,Neutral
2019-03-08,48,Neutral
2019-03-11,46,Neutral
2019-03-12,45,Neutral
2019-03-13,44,Fear
2019-03-14,44,Fear
2019-03-15,44,Fear
2019-03-18,46,Neutral
2019-03-19,45,Neutral
2019-03-20,46,Neutral
2019-03-21,46,Neutral
2019-03-22,46,Neutral
2019-03-25,47,Neutral
2019-03-26,45,Neutral
2019-03-27,46,Neutral
2019-03-28,46,Neutral
2019-03-29,47,Neutral
2019-04-01,47,Neutral
2019-04-02,51,Neutral
2019-04-03,50,Neutral
2019-04-04,49,Neutral
2019-04-05,48,Neutral
2019-04-08,47,Neutral
2019-04-09,46,Neutral
2019-04-10,48,Neutral
2019-04-11,50,Neutral
2019-04-12,49,Neutral
2019-04-15,48,Neutral
2019-04-16,49,Neutral
2019-04-17,48,Neutral
2019-04-18,49,Neutral
2019-04-19,49,Neutral
2019-04-22,47,Neutral
2019-04-23,49,Neutral
2019-04-24,52,Neutral
2019-04-25,51,Neutral
2019-04-26,51,Neutral
2019-04-29,51,Neutral
2019-04-30,52,Neutral
2019-05-01,53,Neutral
2019-05-02,56,Greed
2019-05-03,55,Neutral
2019-05-06,54,Neutral
2019-05-07,52,Neutral
2019-05-08,51,Neutral
2019-05-09,51,Neutral
2019-05-10,54,Neutral
2019-05-13,53,Neutral
2019-05-14,53,Neutral
2019-05-15,53,Neutral
2019-05-16,55,Neutral
2019-05-17,59,Greed
2019-05-20,58,Greed
2019-05-21,57,Greed
2019-05-22,59,Greed
2019-05-23,60,Greed
2019-05-24,62,Greed
2019-05-27,63,Greed
2019-05-28,63,Greed
2019-05-29,64,Greed
2019-05-30,65,Greed
2019-05-31,67,Greed
2019-06-03,67,Greed
2019-06-04,69,Greed
2019-06-05,71,Greed
2019-06-06,73,Greed
2019-06-07,74,Greed
2019-06-10,74,Greed
2019-06-11,74,Greed
2019-06-12,76,Extreme Greed
2019-06-13,74,Greed
2019-06-14,75,Greed
2019-06-17,74,Greed
2019-06-18,74,Greed
2019-06-19,76,Extreme Greed
2019-06-20,77,Extreme Greed
2019-06-21,77,Extreme Greed
2019-06-24,75,Greed
2019-06-25,76,Extreme Greed
2019-06-26,77,Extreme Greed
2019-06-27,80,Extreme Greed
2019-06-28,79,Extreme Greed
2019-07-01,80,Extreme Greed
2019-07-02,80,Extreme Greed
2019-07-03,83,Extreme Greed
2019-07-04,82,Extreme Greed
2019-07-05,83,Extreme Greed
2019-07-08,84,Extreme Greed
2019-07-09,84,Extreme Greed
2019-07-10,83,Extreme Greed
2019-07-11,84,Extreme Greed
2019-07-12,85,Extreme Greed
2019-07-15,84,Extreme Greed
2019-07-16,84,Extreme Greed
2019-07-17,83,Extreme Greed
2019-07-18,85,Extreme Greed
2019-07-19,82,Extreme Greed
2019-07-22,81,Extreme Greed
2019-07-23,82,Extreme Greed
2019-07-24,84,Extreme Greed
2019-07-25,84,Extreme Greed
2019-07-26,83,Extreme Greed
2019-07-29,86,Extreme Greed
2019-07-30,84,Extreme Greed
2019-07-31,81,Extreme Greed
2019-08-01,81,Extreme Greed
2019-08-02,81,Extreme Greed
2019-08-05,79,Extreme Greed
2019-08-06,80,Extreme Greed
2019-08-07,81,Extreme Greed
2019-08-08,80,Extreme Greed
2019-08-09,78,Extreme Greed
2019-08-12,79,Extreme Greed
2019-08-13,80,Extreme Greed
2019-08-14,80,Extreme Greed
2019-08-15,83,Extreme Greed
2019-08-16,81,Extreme Greed
2019-08-19,79,Extreme Greed
2019-08-20,78,Extreme Greed
2019-08-21,78,Extreme Greed
2019-08-22,78,Extreme Greed
2019-08-23,78,Extreme Greed
2019-08-26,78,Extreme Greed
2019-08-27,76,Extreme Greed
2019-08-28,79,Extreme Greed
2019-08-29,78,Extreme Greed
2019-08-30,80,Extreme Greed
2019-09-02,81,Extreme Greed
2019-09-03,81,Extreme Greed
2019-09-04,82,Extreme Greed
2019-09-05,83,Extreme Greed
2019-09-06,84,Extreme Greed
2019-09-09,86,Extreme Greed
2019-09-10,86,Extreme Greed
2019-09-11,87,Extreme Greed
2019-09-12,87,Extreme Greed
2019-09-13,89,Extreme Greed
2019-09-16,88,Extreme Greed
2019-09-17,91,Extreme Greed
2019-09-18,91,Extreme Greed
2019-09-19,89,Extreme Greed
2019-09-20,89,Extreme Greed
2019-09-23,88,Extreme Greed
2019-09-24,89,Extreme Greed
2019-09-25,88,Extreme Greed
2019-09-26,87,Extreme Greed
2019-09-27,85,Extreme Greed
2019-09-30,84,Extreme Greed
2019-10-01,80,Extreme Greed
2019-10-02,78,Extreme Greed
2019-10-03,79,Extreme Greed
2019-10-04,80,Extreme Greed
2019-10-07,81,Extreme Greed
2019-10-08,79,Extreme Greed
2019-10-09,79,Extreme Greed
2019-10-10,79,Extreme Greed
2019-10-11,78,Extreme Greed
2019-10-14,80,Extreme Greed
2019-10-15,81,Extreme Greed
2019-10-16,81,Extreme Greed
2019-10-17,81,Extreme Greed
2019-10-18,81,Extreme Greed
2019-10-21,78,Extreme Greed
2019-10-22,78,Extreme Greed
2019-10-23,77,Extreme Greed
2019-10-24,75,Greed
2019-10-25,75,Greed
2019-10-28,78,Extreme Greed
2019-10-29,78,Extreme Greed
2019-10-30,78,Extreme Greed
2019-10-31,78,Extreme Greed
2019-11-01,81,Extreme Greed
2019-11-04,82,Extreme Greed
2019-11-05,82,Extreme Greed
2019-11-06,81,Extreme Greed
2019-11-07,82,Extreme Greed
2019-11-08,83,Extreme Greed
2019-11-11,84,Extreme Greed
2019-11-12,85,Extreme Greed
2019-11-13,87,Extreme Greed
2019-11-14,86,Extreme Greed
2019-11-15,88,Extreme Greed
2019-11-18,88,Extreme Greed
2019-11-19,91,Extreme Greed
2019-11-20,90,Extreme Greed
2019-11-21,93,Extreme Greed
2019-11-22,93,Extreme Greed
2019-11-25,92,Extreme Greed
2019-11-26,91,Extreme Greed
2019-11-27,91,Extreme Greed
2019-11-28,92,Extreme Greed
2019-11-29,92,Extreme Greed
2019-12-02,91,Extreme Greed
2019-12-03,91,Extreme Greed
2019-12-04,95,Extreme Greed
2019-12-05,97,Extreme Greed
2019-12-06,98,Extreme Greed
2019-12-09,98,Extreme Greed
2019-12-10,98,Extreme Greed
2019-12-11,99,Extreme Greed
2019-12-12,97,Extreme Greed
2019-12-13,97,Extreme Greed
2019-12-16,95,Extreme Greed
2019-12-17,95,Extreme Greed
2019-12-18,96,Extreme Greed
2019-12-19,95,Extreme Greed
2019-12-20,98,Extreme Greed
2019-12-23,96,Extreme Greed
2019-12-24,94,Extreme Greed
2019-12-25,94,Extreme Greed
2019-12-26,96,Extreme Greed
2019-12-27,98,Extreme Greed
2019-12-30,98,Extreme Greed
2019-12-31,99,Extreme Greed
2020-01-01,99,Extreme Greed
2020-01-02,99,Extreme Greed
2020-01-03,100,Extreme Greed
2020-01-06,100,Extreme Greed
2020-01-07,99,Extreme Greed
2020-01-08,100,Extreme Greed
2020-01-09,100,Extreme Greed
2020-01-10,100,Extreme Greed
2020-01-13,100,Extreme Greed
2020-01-14,100,Extreme Greed
2020-01-15,100,Extreme Greed
2020-01-16,100,Extreme Greed
2020-01-17,100,Extreme Greed
2020-01-20,100,Extreme Greed
2020-01-21,100,Extreme Greed
2020-01-22,100,Extreme Greed
2020-01-23,100,Extreme Greed
2020-01-24,100,Extreme Greed
2020-01-27,100,Extreme Greed
2020-01-28,100,Extreme Greed
2020-01-29,100,Extreme Greed
2020-01-30,99,Extreme Greed
2020-01-31,98,Extreme Greed
2020-02-03,96,Extreme Greed
2020-02-04,98,Extreme Greed
2020-02-05,97,Extreme Greed
2020-02-06,97,Extreme Greed
2020-02-07,97,Extreme Greed
2020-02-10,98,Extreme Greed
2020-02-11,98,Extreme Greed
2020-02-12,96,Extreme Greed
2020-02-13,98,Extreme Greed
2020-02-14,97,Extreme Greed
2020-02-17,95,Extreme Greed
2020-02-18,94,Extreme Greed
2020-02-19,96,Extreme Greed
2020-02-20,98,Extreme Greed
2020-02-21,97,Extreme Greed
2020-02-24,96,Extreme Greed
2020-02-25,96,Extreme Greed
2020-02-26,99,Extreme Greed
2020-02-27,100,Extreme Greed
2020-02-28,100,Extreme Greed
2020-03-02,100,Extreme Greed
2020-03-03,100,Extreme Greed
2020-03-04,100,Extreme Greed
2020-03-05,100,Extreme Greed
2020-03-06,100,Extreme Greed
2020-03-09,100,Extreme Greed
2020-03-10,100,Extreme Greed
2020-03-11,100,Extreme Greed
2020-03-12,100,Extreme Greed
2020-03-13,100,Extreme Greed
2020-03-16,100,Extreme Greed
2020-03-17,100,Extreme Greed
2020-03-18,100,Extreme Greed
2020-03-19,100,Extreme Greed
2020-03-20,100,Extreme Greed
2020-03-23,100,Extreme Greed
2020-03-24,100,Extreme Greed
2020-03-25,100,Extreme Greed
2020-03-26,100,Extreme Greed
2020-03-27,100,Extreme Greed
2020-03-30,100,Extreme Greed
2020-03-31,100,Extreme Greed
2020-04-01,100,Extreme Greed
2020-04-02,100,Extreme Greed
2020-04-03,100,Extreme Greed
2020-04-06,100,Extreme Greed
2020-04-07,100,Extreme Greed
2020-04-08,100,Extreme Greed
2020-04-09,100,Extreme Greed
2020-04-10,100,Extreme Greed
2020-04-13,100,Extreme Greed
2020-04-14,100,Extreme Greed
2020-04-15,100,Extreme Greed
2020-04-16,100,Extreme Greed
2020-04-17,100,Extreme Greed
2020-04-20,100,Extreme Greed
2020-04-21,100,Extreme Greed
2020-04-22,100,Extreme Greed
2020-04-23,100,Extreme Greed
2020-04-24,100,Extreme Greed
2020-04-27,100,Extreme Greed
2020-04-28,100,Extreme Greed
2020-04-29,100,Extreme Greed
2020-04-30,100,Extreme Greed
2020-05-01,100,Extreme Greed
2020-05-04,100,Extreme Greed
2020-05-05,100,Extreme Greed
2020-05-06,100,Extreme Greed
2020-05-07,100,Extreme Greed
2020-05-08,100,Extreme Greed
2020-05-11,100,Extreme Greed
2020-05-12,100,Extreme Greed
2020-05-13,100,Extreme Greed
2020-05-14,100,Extreme Greed
2020-05-15,100,Extreme Greed
2020-05-18,100,Extreme Greed
2020-05-19,100,Extreme Greed
2020-05-20,100,Extreme Greed
2020-05-21,100,Extreme Greed
2020-05-22,100,Extreme Greed
2020-05-25,100,Extreme Greed
2020-05-26,100,Extreme Greed
2020-05-27,100,Extreme Greed
2020-05-28,100,Extreme Greed
2020-05-29,100,Extreme Greed
2020-06-01,100,Extreme Greed
2020-06-02,100,Extreme Greed
2020-06-03,100,Extreme Greed
2020-06-04,100,Extreme Greed
2020-06-05,100,Extreme Greed
2020-06-08,100,Extreme Greed
2020-06-09,100,Extreme Greed
2020-06-10,100,Extreme Greed
2020-06-11,100,Extreme Greed
2020-06-12,100,Extreme Greed
2020-06-15,100,Extreme Greed
2020-06-16,100,Extreme Greed
2020-06-17,100,Extreme Greed
2020-06-18,100,Extreme Greed
2020-06-19,100,Extreme Greed
2020-06-22,100,Extreme Greed
2020-06-23,100,Extreme Greed
2020-06-24,100,Extreme Greed
2020-06-25,100,Extreme Greed
2020-06-26,100,Extreme Greed
2020-06-29,100,Extreme Greed
2020-06-30,100,Extreme Greed
2020-07-01,100,Extreme Greed
2020-07-02,100,Extreme Greed
2020-07-03,100,Extreme Greed
2020-07-06,100,Extreme Greed
2020-07-07,100,Extreme Greed
2020-07-08,100,Extreme Greed
2020-07-09,100,Extreme Greed
2020-07-10,100,Extreme Greed
2020-07-13,100,Extreme Greed
2020-07-14,100,Extreme Greed
2020-07-15,100,Extreme Greed
2020-07-16,100,Extreme Greed
2020-07-17,100,Extreme Greed
2020-07-20,100,Extreme Greed
2020-07-21,100,Extreme Greed
2020-07-22,100,Extreme Greed
2020-07-23,100,Extreme Greed
2020-07-24,100,Extreme Greed
2020-07-27,100,Extreme Greed
2020-07-28,100,Extreme Greed
2020-07-29,100,Extreme Greed
2020-07-30,100,Extreme Greed
2020-07-31,100,Extreme Greed
2020-08-03,100,Extreme Greed
2020-08-04,100,Extreme Greed
2020-08-05,100,Extreme Greed
2020-08-06,100,Extreme Greed
2020-08-07,100,Extreme Greed
2020-08-10,100,Extreme Greed
2020-08-11,100,Extreme Greed
2020-08-12,100,Extreme Greed
2020-08-13,100,Extreme Greed
2020-08-14,100,Extreme Greed
2020-08-17,100,Extreme Greed
2020-08-18,100,Extreme Greed
2020-08-19,100,Extreme Greed
2020-08-20,100,Extreme Greed
2020-08-21,100,Extreme Greed
2020-08-24,100,Extreme Greed
2020-08-25,100,Extreme Greed
2020-08-26,100,Extreme Greed
2020-08-27,100,Extreme Greed
2020-08-28,100,Extreme Greed
2020-08-31,100,Extreme Greed
2020-09-01,100,Extreme Greed
2020-09-02,100,Extreme Greed
2020-09-03,100,Extreme Greed
2020-09-04,100,Extreme Greed
2020-09-07,100,Extreme Greed
2020-09-08,100,Extreme Greed
2020-09-09,100,Extreme Greed
2020-09-10,100,Extreme Greed
2020-09-11,100,Extreme Greed
2020-09-14,100,Extreme Greed
2020-09-15,100,Extreme Greed
2020-09-16,100,Extreme Greed
2020-09-17,100,Extreme Greed
2020-09-18,100,Extreme Greed
2020-09-21,100,Extreme Greed
2020-09-22,100,Extreme Greed
2020-09-23,100,Extreme Greed
2020-09-24,100,Extreme Greed
2020-09-25,100,Extreme Greed
2020-09-28,100,Extreme Greed
2020-09-29,100,Extreme Greed
2020-09-30,100,Extreme Greed
2020-10-01,100,Extreme Greed
2020-10-02,100,Extreme Greed
2020-10-05,100,Extreme Greed
2020-10-06,100,Extreme Greed
2020-10-07,100,Extreme Greed
2020-10-08,100,Extreme Greed
2020-10-09,100,Extreme Greed
2020-10-12,100,Extreme Greed
2020-10-13,100,Extreme Greed
2020-10-14,100,Extreme Greed
2020-10-15,100,Extreme Greed
2020-10-16,100,Extreme Greed
2020-10-19,100,Extreme Greed
2020-10-20,100,Extreme Greed
2020-10-21,100,Extreme Greed
2020-10-22,100,Extreme Greed
2020-10-23,100,Extreme Greed
2020-10-26,100,Extreme Greed
2020-10-27,100,Extreme Greed
2020-10-28,100,Extreme Greed
2020-10-29,100,Extreme Greed
2020-10-30,100,Extreme Greed
2020-11-02,100,Extreme Greed
2020-11-03,100,Extreme Greed
2020-11-04,100,Extreme Greed
2020-11-05,100,Extreme Greed
2020-11-06,100,Extreme Greed
2020-11-09,100,Extreme Greed
2020-11-10,100,Extreme Greed
2020-11-11,100,Extreme Greed
2020-11-12,100,Extreme Greed
2020-11-13,100,Extreme Greed
2020-11-16,100,Extreme Greed
2020-11-17,100,Extreme Greed
2020-11-18,100,Extreme Greed
2020-11-19,100,Extreme Greed
2020-11-20,100,Extreme Greed
2020-11-23,100,Extreme Greed
2020-11-24,100,Extreme Greed
2020-11-25,100,Extreme Greed
2020-11-26,100,Extreme Greed
2020-11-27,100,Extreme Greed
2020-11-30,100,Extreme Greed
2020-12-01,100,Extreme Greed
2020-12-02,100,Extreme Greed
2020-12-03,100,Extreme Greed
2020-12-04,100,Extreme Greed
2020-12-07,100,Extreme Greed
2020-12-08,100,Extreme Greed
2020-12-09,100,Extreme Greed
2020-12-10,100,Extreme Greed
2020-12-11,100,Extreme Greed
2020-12-14,100,Extreme Greed
2020-12-15,100,Extreme Greed
2020-12-16,100,Extreme Greed
2020-12-17,100,Extreme Greed
2020-12-18,100,Extreme Greed
2020-12-21,100,Extreme Greed
2020-12-22,100,Extreme Greed
2020-12-23,100,Extreme Greed
2020-12-24,100,Extreme Greed
2020-12-25,100,Extreme Greed
2020-12-28,100,Extreme Greed
2020-12-29,100,Extreme Greed
2020-12-30,100,Extreme Greed
2020-12-31,100,Extreme Greed
2021-01-01,100,Extreme Greed
2021-01-04,100,Extreme Greed
2021-01-05,100,Extreme Greed
2021-01-06,100,Extreme Greed
2021-01-07,100,Extreme Greed
2021-01-08,100,Extreme Greed
2021-01-11,100,Extreme Greed
2021-01-12,100,Extreme Greed
2021-01-13,100,Extreme Greed
2021-01-14,100,Extreme Greed
2021-01-15,100,Extreme Greed
2021-01-18,100,Extreme Greed
2021-01-19,100,Extreme Greed
2021-01-20,100,Extreme Greed
2021-01-21,100,Extreme Greed
2021-01-22,100,Extreme Greed
2021-01-25,100,Extreme Greed
2021-01-26,100,Extreme Greed
2021-01-27,100,Extreme Greed
2021-01-28,100,Extreme Greed
2021-01-29,100,Extreme Greed
2021-02-01,100,Extreme Greed
2021-02-02,100,Extreme Greed
2021-02-03,100,Extreme Greed
2021-02-04,100,Extreme Greed
2021-02-05,100,Extreme Greed
2021-02-08,100,Extreme Greed
2021-02-09,100,Extreme Greed
2021-02-10,100,Extreme Greed
2021-02-11,100,Extreme Greed
2021-02-12,100,Extreme Greed
2021-02-15,100,Extreme Greed
2021-02-16,100,Extreme Greed
2021-02-17,100,Extreme Greed
2021-02-18,100,Extreme Greed
2021-02-19,100,Extreme Greed
2021-02-22,100,Extreme Greed
2021-02-23,100,Extreme Greed
2021-02-24,100,Extreme Greed
2021-02-25,100,Extreme Greed
2021-02-26,100,Extreme Greed
2021-03-01,100,Extreme Greed
2021-03-02,100,Extreme Greed
2021-03-03,100,Extreme Greed
2021-03-04,100,Extreme Greed
2021-03-05,100,Extreme Greed
2021-03-08,100,Extreme Greed
2021-03-09,100,Extreme Greed
2021-03-10,100,Extreme Greed
2021-03-11,100,Extreme Greed
2021-03-12,100,Extreme Greed
2021-03-15,100,Extreme Greed
2021-03-16,100,Extreme Greed
2021-03-17,100,Extreme Greed
2021-03-18,100,Extreme Greed
2021-03-19,100,Extreme Greed
2021-03-22,100,Extreme Greed
2021-03-23,100,Extreme Greed
2021-03-24,100,Extreme Greed
2021-03-25,100,Extreme Greed
2021-03-26,100,Extreme Greed
2021-03-29,100,Extreme Greed
2021-03-30,100,Extreme Greed
2021-03-31,100,Extreme Greed
2021-04-01,100,Extreme Greed
2021-04-02,100,Extreme Greed
2021-04-05,100,Extreme Greed
2021-04-06,100,Extreme Greed
2021-04-07,100,Extreme Greed
2021-04-08,100,Extreme Greed
2021-04-09,100,Extreme Greed
2021-04-12,100,Extreme Greed
2021-04-13,100,Extreme Greed
2021-04-14,100,Extreme Greed
2021-04-15,100,Extreme Greed
2021-04-16,100,Extreme Greed
2021-04-19,100,Extreme Greed
2021-04-20,100,Extreme Greed
2021-04-21,100,Extreme Greed
2021-04-22,100,Extreme Greed
2021-04-23,100,Extreme Greed
2021-04-26,100,Extreme Greed
2021-04-27,100,Extreme Greed
2021-04-28,100,Extreme Greed
2021-04-29,100,Extreme Greed
2021-04-30,100,Extreme Greed
2021-05-03,100,Extreme Greed
2021-05-04,100,Extreme Greed
2021-05-05,100,Extreme Greed
2021-05-06,100,Extreme Greed
2021-05-07,100,Extreme Greed
2021-05-10,100,Extreme Greed
2021-05-11,100,Extreme Greed
2021-05-12,100,Extreme Greed
2021-05-13,100,Extreme Greed
2021-05-14,100,Extreme Greed
2021-05-17,100,Extreme Greed
2021-05-18,100,Extreme Greed
2021-05-19,100,Extreme Greed
2021-05-20,100,Extreme Greed
2021-05-21,100,Extreme Greed
2021-05-24,100,Extreme Greed
2021-05-25,100,Extreme Greed
2021-05-26,100,Extreme Greed
2021-05-27,100,Extreme Greed
2021-05-28,100,Extreme Greed
2021-05-31,100,Extreme Greed
2021-06-01,100,Extreme Greed
2021-06-02,100,Extreme Greed
2021-06-03,100,Extreme Greed
2021-06-04,100,Extreme Greed
2021-06-07,100,Extreme Greed
2021-06-08,100,Extreme Greed
2021-06-09,100,Extreme Greed
2021-06-10,100,Extreme Greed
2021-06-11,100,Extreme Greed
2021-06-14,100,Extreme Greed
2021-06-15,100,Extreme Greed
2021-06-16,100,Extreme Greed
2021-06-17,100,Extreme Greed
2021-06-18,100,Extreme Greed
2021-06-21,100,Extreme Greed
2021-06-22,100,Extreme Greed
2021-06-23,100,Extreme Greed
2021-06-24,100,Extreme Greed
2021-06-25,100,Extreme Greed
2021-06-28,100,Extreme Greed
2021-06-29,100,Extreme Greed
2021-06-30,100,Extreme Greed
2021-07-01,100,Extreme Greed
2021-07-02,100,Extreme Greed
2021-07-05,100,Extreme Greed
2021-07-06,100,Extreme Greed
2021-07-07,100,Extreme Greed
2021-07-08,100,Extreme Greed
2021-07-09,100,Extreme Greed
2021-07-12,100,Extreme Greed
2021-07-13,100,Extreme Greed
2021-07-14,100,Extreme Greed
2021-07-15,100,Extreme Greed
2021-07-16,100,Extreme Greed
2021-07-19,100,Extreme Greed
2021-07-20,100,Extreme Greed
2021-07-21,100,Extreme Greed
2021-07-22,100,Extreme Greed
2021-07-23,100,Extreme Greed
2021-07-26,100,Extreme Greed
2021-07-27,100,Extreme Greed
2021-07-28,100,Extreme Greed
2021-07-29,100,Extreme Greed
2021-07-30,100,Extreme Greed
2021-08-02,100,Extreme Greed
2021-08-03,100,Extreme Greed
2021-08-04,100,Extreme Greed
2021-08-05,100,Extreme Greed
2021-08-06,100,Extreme Greed
2021-08-09,100,Extreme Greed
2021-08-10,100,Extreme Greed
2021-08-11,100,Extreme Greed
2021-08-12,100,Extreme Greed
2021-08-13,100,Extreme Greed
2021-08-16,100,Extreme Greed
2021-08-17,100,Extreme Greed
2021-08-18,100,Extreme Greed
2021-08-19,100,Extreme Greed
2021-08-20,100,Extreme Greed
2021-08-23,100,Extreme Greed
2021-08-24,100,Extreme Greed
2021-08-25,100,Extreme Greed
2021-08-26,100,Extreme Greed
2021-08-27,100,Extreme Greed
2021-08-30,100,Extreme Greed
2021-08-31,100,Extreme Greed
2021-09-01,100,Extreme Greed
2021-09-02,100,Extreme Greed
2021-09-03,100,Extreme Greed
2021-09-06,100,Extreme Greed
2021-09-07,100,Extreme Greed
2021-09-08,100,Extreme Greed
2021-09-09,100,Extreme Greed
2021-09-10,100,Extreme Greed
2021-09-13,100,Extreme Greed
2021-09-14,100,Extreme Greed
2021-09-15,100,Extreme Greed
2021-09-16,100,Extreme Greed
2021-09-17,100,Extreme Greed
2021-09-20,100,Extreme Greed
2021-09-21,100,Extreme Greed
2021-09-22,100,Extreme Greed
2021-09-23,100,Extreme Greed
2021-09-24,100,Extreme Greed
2021-09-27,100,Extreme Greed
2021-09-28,100,Extreme Greed
2021-09-29,100,Extreme Greed
2021-09-30,100,Extreme Greed
2021-10-01,100,Extreme Greed
2021-10-04,100,Extreme Greed
2021-10-05,100,Extreme Greed
2021-10-06,100,Extreme Greed
2021-10-07,100,Extreme Greed
2021-10-08,100,Extreme Greed
2021-10-11,100,Extreme Greed
2021-10-12,100,Extreme Greed
2021-10-13,100,Extreme Greed
2021-10-14,100,Extreme Greed
2021-10-15,100,Extreme Greed
2021-10-18,100,Extreme Greed
2021-10-19,100,Extreme Greed
2021-10-20,100,Extreme Greed
2021-10-21,100,Extreme Greed
2021-10-22,100,Extreme Greed
2021-10-25,100,Extreme Greed
2021-10-26,100,Extreme Greed
2021-10-27,100,Extreme Greed
2021-10-28,100,Extreme Greed
2021-10-29,100,Extreme Greed
2021-11-01,100,Extreme Greed
2021-11-02,100,Extreme Greed
2021-11-03,100,Extreme Greed
2021-11-04,100,Extreme Greed
2021-11-05,100,Extreme Greed
2021-11-08,100,Extreme Greed
2021-11-09,100,Extreme Greed
2021-11-10,100,Extreme Greed
2021-11-11,100,Extreme Greed
2021-11-12,100,Extreme Greed
2021-11-15,100,Extreme Greed
2021-11-16,100,Extreme Greed
2021-11-17,100,Extreme Greed
2021-11-18,100,Extreme Greed
2021-11-19,100,Extreme Greed
2021-11-22,100,Extreme Greed
2021-11-23,100,Extreme Greed
2021-11-24,100,Extreme Greed
2021-11-25,100,Extreme Greed
2021-11-26,100,Extreme Greed
2021-11-29,100,Extreme Greed
2021-11-30,100,Extreme Greed
2021-12-01,100,Extreme Greed
2021-12-02,100,Extreme Greed
2021-12-03,100,Extreme Greed
2021-12-06,100,Extreme Greed
2021-12-07,100,Extreme Greed
2021-12-08,100,Extreme Greed
2021-12-09,100,Extreme Greed
2021-12-10,100,Extreme Greed
2021-12-13,100,Extreme Greed
2021-12-14,100,Extreme Greed
2021-12-15,100,Extreme Greed
2021-12-16,100,Extreme Greed
2021-12-17,100,Extreme Greed
2021-12-20,100,Extreme Greed
2021-12-21,100,Extreme Greed
2021-12-22,100,Extreme Greed
2021-12-23,100,Extreme Greed
2021-12-24,100,Extreme Greed
2021-12-27,100,Extreme Greed
2021-12-28,100,Extreme Greed
2021-12-29,100,Extreme Greed
2021-12-30,100,Extreme Greed
2021-12-31,100,Extreme Greed
2022-01-03,100,Extreme Greed
2022-01-04,100,Extreme Greed
2022-01-05,100,Extreme Greed
2022-01-06,100,Extreme Greed
2022-01-07,100,Extreme Greed
2022-01-10,100,Extreme Greed
2022-01-11,100,Extreme Greed
2022-01-12,100,Extreme Greed
2022-01-13,100,Extreme Greed
2022-01-14,100,Extreme Greed
2022-01-17,100,Extreme Greed
2022-01-18,100,Extreme Greed
2022-01-19,100,Extreme Greed
2022-01-20,100,Extreme Greed
2022-01-21,100,Extreme Greed
2022-01-24,100,Extreme Greed
2022-01-25,100,Extreme Greed
2022-01-26,100,Extreme Greed
2022-01-27,100,Extreme Greed
2022-01-28,100,Extreme Greed
2022-01-31,100,Extreme Greed
2022-02-01,100,Extreme Greed
2022-02-02,100,Extreme Greed
2022-02-03,100,Extreme Greed
2022-02-04,100,Extreme Greed
2022-02-07,100,Extreme Greed
2022-02-08,100,Extreme Greed
2022-02-09,100,Extreme Greed
2022-02-10,100,Extreme Greed
2022-02-11,100,Extreme Greed
2022-02-14,100,Extreme Greed
2022-02-15,100,Extreme Greed
2022-02-16,100,Extreme Greed
2022-02-17,100,Extreme Greed
2022-02-18,100,Extreme Greed
2022-02-21,100,Extreme Greed
2022-02-22,100,Extreme Greed
2022-02-23,100,Extreme Greed
2022-02-24,100,Extreme Greed
2022-02-25,100,Extreme Greed
2022-02-28,100,Extreme Greed
2022-03-01,100,Extreme Greed
2022-03-02,100,Extreme Greed
2022-03-03,100,Extreme Greed
2022-03-04,100,Extreme Greed
2022-03-07,100,Extreme Greed
2022-03-08,100,Extreme Greed
2022-03-09,100,Extreme Greed
2022-03-10,100,Extreme Greed
2022-03-11,100,Extreme Greed
2022-03-14,100,Extreme Greed
2022-03-15,100,Extreme Greed
2022-03-16,100,Extreme Greed
2022-03-17,100,Extreme Greed
2022-03-18,100,Extreme Greed
2022-03-21,100,Extreme Greed
2022-03-22,100,Extreme Greed
2022-03-23,100,Extreme Greed
2022-03-24,100,Extreme Greed
2022-03-25,100,Extreme Greed
2022-03-28,100,Extreme Greed
2022-03-29,100,Extreme Greed
2022-03-30,100,Extreme Greed
2022-03-31,100,Extreme Greed
2022-04-01,100,Extreme Greed
2022-04-04,100,Extreme Greed
2022-04-05,100,Extreme Greed
2022-04-06,100,Extreme Greed
2022-04-07,100,Extreme Greed
2022-04-08,100,Extreme Greed
2022-04-11,100,Extreme Greed
2022-04-12,100,Extreme Greed
2022-04-13,100,Extreme Greed
2022-04-14,100,Extreme Greed
2022-04-15,100,Extreme Greed
2022-04-18,100,Extreme Greed
2022-04-19,100,Extreme Greed
2022-04-20,100,Extreme Greed
2022-04-21,100,Extreme Greed
2022-04-22,100,Extreme Greed
2022-04-25,100,Extreme Greed
2022-04-26,100,Extreme Greed
2022-04-27,100,Extreme Greed
2022-04-28,100,Extreme Greed
2022-04-29,100,Extreme Greed
2022-05-02,100,Extreme Greed
2022-05-03,100,Extreme Greed
2022-05-04,100,Extreme Greed
2022-05-05,100,Extreme Greed
2022-05-06,100,Extreme Greed
2022-05-09,100,Extreme Greed
2022-05-10,100,Extreme Greed
2022-05-11,100,Extreme Greed
2022-05-12,100,Extreme Greed
2022-05-13,100,Extreme Greed
2022-05-16,100,Extreme Greed
2022-05-17,100,Extreme Greed
2022-05-18,100,Extreme Greed
2022-05-19,100,Extreme Greed
2022-05-20,100,Extreme Greed
2022-05-23,100,Extreme Greed
2022-05-24,100,Extreme Greed
2022-05-25,100,Extreme Greed
2022-05-26,100,Extreme Greed
2022-05-27,100,Extreme Greed
2022-05-30,100,Extreme Greed
2022-05-31,100,Extreme Greed
2022-06-01,100,Extreme Greed
2022-06-02,100,Extreme Greed
2022-06-03,100,Extreme Greed
2022-06-06,100,Extreme Greed
2022-06-07,100,Extreme Greed
2022-06-08,100,Extreme Greed
2022-06-09,100,Extreme Greed
2022-06-10,100,Extreme Greed
2022-06-13,100,Extreme Greed
2022-06-14,100,Extreme Greed
2022-06-15,100,Extreme Greed
2022-06-16,100,Extreme Greed
2022-06-17,100,Extreme Greed
2022-06-20,100,Extreme Greed
2022-06-21,100,Extreme Greed
2022-06-22,100,Extreme Greed
2022-06-23,100,Extreme Greed
2022-06-24,100,Extreme Greed
2022-06-27,100,Extreme Greed
2022-06-28,100,Extreme Greed
2022-06-29,100,Extreme Greed
2022-06-30,100,Extreme Greed
2022-07-01,100,Extreme Greed
2022-07-04,100,Extreme Greed
2022-07-05,100,Extreme Greed
2022-07-06,100,Extreme Greed
2022-07-07,100,Extreme Greed
2022-07-08,100,Extreme Greed
2022-07-11,100,Extreme Greed
2022-07-12,100,Extreme Greed
2022-07-13,100,Extreme Greed
2022-07-14,100,Extreme Greed
2022-07-15,100,Extreme Greed
2022-07-18,100,Extreme Greed
2022-07-19,100,Extreme Greed
2022-07-20,100,Extreme Greed
2022-07-21,100,Extreme Greed
2022-07-22,100,Extreme Greed
2022-07-25,100,Extreme Greed
2022-07-26,100,Extreme Greed
2022-07-27,100,Extreme Greed
2022-07-28,100,Extreme Greed
2022-07-29,100,Extreme Greed
2022-08-01,100,Extreme Greed
2022-08-02,100,Extreme Greed
2022-08-03,100,Extreme Greed
2022-08-04,100,Extreme Greed
2022-08-05,100,Extreme Greed
2022-08-08,100,Extreme Greed
2022-08-09,100,Extreme Greed
2022-08-10,100,Extreme Greed
2022-08-11,100,Extreme Greed
2022-08-12,100,Extreme Greed
2022-08-15,100,Extreme Greed
2022-08-16,100,Extreme Greed
2022-08-17,100,Extreme Greed
2022-08-18,100,Extreme Greed
2022-08-19,100,Extreme Greed
2022-08-22,100,Extreme Greed
2022-08-23,100,Extreme Greed
2022-08-24,100,Extreme Greed
2022-08-25,100,Extreme Greed
2022-08-26,100,Extreme Greed
2022-08-29,100,Extreme Greed
2022-08-30,100,Extreme Greed
2022-08-31,100,Extreme Greed
2022-09-01,100,Extreme Greed
2022-09-02,100,Extreme Greed
2022-09-05,100,Extreme Greed
2022-09-06,100,Extreme Greed
2022-09-07,100,Extreme Greed
2022-09-08,100,Extreme Greed
2022-09-09,100,Extreme Greed
2022-09-12,100,Extreme Greed
2022-09-13,100,Extreme Greed
2022-09-14,100,Extreme Greed
2022-09-15,100,Extreme Greed
2022-09-16,100,Extreme Greed
2022-09-19,100,Extreme Greed
2022-09-20,100,Extreme Greed
2022-09-21,100,Extreme Greed
2022-09-22,100,Extreme Greed
2022-09-23,100,Extreme Greed
2022-09-26,100,Extreme Greed
2022-09-27,100,Extreme Greed
2022-09-28,100,Extreme Greed
2022-09-29,100,Extreme Greed
2022-09-30,100,Extreme Greed
2022-10-03,100,Extreme Greed
2022-10-04,100,Extreme Greed
2022-10-05,100,Extreme Greed
2022-10-06,100,Extreme Greed
2022-10-07,100,Extreme Greed
2022-10-10,100,Extreme Greed
2022-10-11,100,Extreme Greed
2022-10-12,100,Extreme Greed
2022-10-13,100,Extreme Greed
2022-10-14,100,Extreme Greed
2022-10-17,100,Extreme Greed
2022-10-18,100,Extreme Greed
2022-10-19,100,Extreme Greed
2022-10-20,100,Extreme Greed
2022-10-21,100,Extreme Greed
2022-10-24,100,Extreme Greed
2022-10-25,100,Extreme Greed
2022-10-26,100,Extreme Greed
2022-10-27,100,Extreme Greed
2022-10-28,100,Extreme Greed
2022-10-31,100,Extreme Greed
2022-11-01,100,Extreme Greed
2022-11-02,100,Extreme Greed
2022-11-03,100,Extreme Greed
2022-11-04,100,Extreme Greed
2022-11-07,100,Extreme Greed
2022-11-08,100,Extreme Greed
2022-11-09,100,Extreme Greed
2022-11-10,100,Extreme Greed
2022-11-11,100,Extreme Greed
2022-11-14,100,Extreme Greed
2022-11-15,100,Extreme Greed
2022-11-16,100,Extreme Greed
2022-11-17,100,Extreme Greed
2022-11-18,100,Extreme Greed
2022-11-21,100,Extreme Greed
2022-11-22,100,Extreme Greed
2022-11-23,100,Extreme Greed
2022-11-24,100,Extreme Greed
2022-11-25,100,Extreme Greed
2022-11-28,100,Extreme Greed
2022-11-29,100,Extreme Greed
2022-11-30,100,Extreme Greed
2022-12-01,100,Extreme Greed
2022-12-02,100,Extreme Greed
2022-12-05,100,Extreme Greed
2022-12-06,100,Extreme Greed
2022-12-07,100,Extreme Greed
2022-12-08,100,Extreme Greed
2022-12-09,100,Extreme Greed
2022-12-12,100,Extreme Greed
2022-12-13,100,Extreme Greed
2022-12-14,100,Extreme Greed
2022-12-15,100,Extreme Greed
2022-12-16,100,Extreme Greed
2022-12-19,100,Extreme Greed
2022-12-20,100,Extreme Greed
2022-12-21,100,Extreme Greed
2022-12-22,100,Extreme Greed
2022-12-23,100,Extreme Greed
2022-12-26,100,Extreme Greed
2022-12-27,100,Extreme Greed
2022-12-28,100,Extreme Greed
2022-12-29,100,Extreme Greed
2022-12-30,100,Extreme Greed
2023-01-02,100,Extreme Greed
2023-01-03,100,Extreme Greed
2023-01-04,100,Extreme Greed
2023-01-05,100,Extreme Greed
2023-01-06,100,Extreme Greed
2023-01-09,100,Extreme Greed
2023-01-10,100,Extreme Greed
2023-01-11,100,Extreme Greed
2023-01-12,100,Extreme Greed
2023-01-13,100,Extreme Greed
2023-01-16,100,Extreme Greed
2023-01-17,100,Extreme Greed
2023-01-18,100,Extreme Greed
2023-01-19,100,Extreme Greed
2023-01-20,100,Extreme Greed
2023-01-23,100,Extreme Greed
2023-01-24,100,Extreme Greed
2023-01-25,100,Extreme Greed
2023-01-26,100,Extreme Greed
2023-01-27,100,Extreme Greed
2023-01-30,100,Extreme Greed
2023-01-31,100,Extreme Greed
2023-02-01,100,Extreme Greed
2023-02-02,100,Extreme Greed
2023-02-03,100,Extreme Greed
2023-02-06,100,Extreme Greed
2023-02-07,100,Extreme Greed
2023-02-08,100,Extreme Greed
2023-02-09,100,Extreme Greed
2023-02-10,100,Extreme Greed
2023-02-13,100,Extreme Greed
2023-02-14,100,Extreme Greed
2023-02-15,100,Extreme Greed
2023-02-16,100,Extreme Greed
2023-02-17,100,Extreme Greed
2023-02-20,100,Extreme Greed
2023-02-21,100,Extreme Greed
2023-02-22,100,Extreme Greed
2023-02-23,100,Extreme Greed
2023-02-24,100,Extreme Greed
2023-02-27,100,Extreme Greed
2023-02-28,100,Extreme Greed
2023-03-01,100,Extreme Greed
2023-03-02,100,Extreme Greed
2023-03-03,100,Extreme Greed
2023-03-06,100,Extreme Greed
2023-03-07,100,Extreme Greed
2023-03-08,100,Extreme Greed
2023-03-09,100,Extreme Greed
2023-03-10,100,Extreme Greed
2023-03-13,100,Extreme Greed
2023-03-14,100,Extreme Greed
2023-03-15,100,Extreme Greed
2023-03-16,100,Extreme Greed
2023-03-17,100,Extreme Greed
2023-03-20,100,Extreme Greed
2023-03-21,100,Extreme Greed
2023-03-22,100,Extreme Greed
2023-03-23,100,Extreme Greed
2023-03-24,100,Extreme Greed
2023-03-27,100,Extreme Greed
2023-03-28,100,Extreme Greed
2023-03-29,100,Extreme Greed
2023-03-30,100,Extreme Greed
2023-03-31,100,Extreme Greed
2023-04-03,100,Extreme Greed
2023-04-04,100,Extreme Greed
2023-04-05,100,Extreme Greed
2023-04-06,100,Extreme Greed
2023-04-07,100,Extreme Greed
2023-04-10,100,Extreme Greed
2023-04-11,100,Extreme Greed
2023-04-12,100,Extreme Greed
2023-04-13,100,Extreme Greed
2023-04-14,100,Extreme Greed
2023-04-17,100,Extreme Greed
2023-04-18,100,Extreme Greed
2023-04-19,100,Extreme Greed
2023-04-20,100,Extreme Greed
2023-04-21,100,Extreme Greed
2023-04-24,100,Extreme Greed
2023-04-25,100,Extreme Greed
2023-04-26,100,Extreme Greed
2023-04-27,100,Extreme Greed
2023-04-28,100,Extreme Greed
2023-05-01,100,Extreme Greed
2023-05-02,100,Extreme Greed
2023-05-03,100,Extreme Greed
2023-05-04,100,Extreme Greed
2023-05-05,100,Extreme Greed
2023-05-08,100,Extreme Greed
2023-05-09,100,Extreme Greed
2023-05-10,100,Extreme Greed
2023-05-11,100,Extreme Greed
2023-05-12,100,Extreme Greed
2023-05-15,100,Extreme Greed
2023-05-16,100,Extreme Greed
2023-05-17,100,Extreme Greed
2023-05-18,100,Extreme Greed
2023-05-19,100,Extreme Greed
2023-05-22,100,Extreme Greed
2023-05-23,100,Extreme Greed
2023-05-24,100,Extreme Greed
2023-05-25,100,Extreme Greed
2023-05-26,100,Extreme Greed
2023-05-29,100,Extreme Greed
2023-05-30,100,Extreme Greed
2023-05-31,100,Extreme Greed
2023-06-01,100,Extreme Greed
2023-06-02,100,Extreme Greed
2023-06-05,100,Extreme Greed
2023-06-06,100,Extreme Greed
2023-06-07,100,Extreme Greed
2023-06-08,100,Extreme Greed
2023-06-09,100,Extreme Greed
2023-06-12,100,Extreme Greed
2023-06-13,100,Extreme Greed
2023-06-14,100,Extreme Greed
2023-06-15,100,Extreme Greed
2023-06-16,100,Extreme Greed
2023-06-19,100,Extreme Greed
2023-06-20,100,Extreme Greed
2023-06-21,100,Extreme Greed
2023-06-22,100,Extreme Greed
2023-06-23,100,Extreme Greed
2023-06-26,100,Extreme Greed
2023-06-27,100,Extreme Greed
2023-06-28,100,Extreme Greed
2023-06-29,100,Extreme Greed
2023-06-30,100,Extreme Greed
2023-07-03,100,Extreme Greed
2023-07-04,100,Extreme Greed
2023-07-05,100,Extreme Greed
2023-07-06,100,Extreme Greed
2023-07-07,100,Extreme Greed
2023-07-10,100,Extreme Greed
2023-07-11,100,Extreme Greed
2023-07-12,100,Extreme Greed
2023-07-13,100,Extreme Greed
2023-07-14,100,Extreme Greed
2023-07-17,100,Extreme Greed
2023-07-18,100,Extreme Greed
2023-07-19,100,Extreme Greed
2023-07-20,100,Extreme Greed
2023-07-21,100,Extreme Greed
2023-07-24,100,Extreme Greed
2023-07-25,100,Extreme Greed
2023-07-26,100,Extreme Greed
2023-07-27,100,Extreme Greed
2023-07-28,100,Extreme Greed
2023-07-31,100,Extreme Greed
2023-08-01,100,Extreme Greed
2023-08-02,100,Extreme Greed
2023-08-03,100,Extreme Greed
2023-08-04,100,Extreme Greed
2023-08-07,100,Extreme Greed
2023-08-08,100,Extreme Greed
2023-08-09,100,Extreme Greed
2023-08-10,100,Extreme Greed
2023-08-11,100,Extreme Greed
2023-08-14,100,Extreme Greed
2023-08-15,100,Extreme Greed
2023-08-16,100,Extreme Greed
2023-08-17,100,Extreme Greed
2023-08-18,100,Extreme Greed
2023-08-21,100,Extreme Greed
2023-08-22,100,Extreme Greed
2023-08-23,100,Extreme Greed
2023-08-24,100,Extreme Greed
2023-08-25,100,Extreme Greed
2023-08-28,100,Extreme Greed
2023-08-29,100,Extreme Greed
2023-08-30,100,Extreme Greed
2023-08-31,100,Extreme Greed
2023-09-01,100,Extreme Greed
2023-09-04,100,Extreme Greed
2023-09-05,100,Extreme Greed
2023-09-06,100,Extreme Greed
2023-09-07,100,Extreme Greed
2023-09-08,100,Extreme Greed
2023-09-11,100,Extreme Greed
2023-09-12,100,Extreme Greed
2023-09-13,100,Extreme Greed
2023-09-14,100,Extreme Greed
2023-09-15,100,Extreme Greed
2023-09-18,100,Extreme Greed
2023-09-19,100,Extreme Greed
2023-09-20,100,Extreme Greed
2023-09-21,100,Extreme Greed
2023-09-22,100,Extreme Greed
2023-09-25,100,Extreme Greed
2023-09-26,100,Extreme Greed
2023-09-27,100,Extreme Greed
2023-09-28,100,Extreme Greed
2023-09-29,100,Extreme Greed
2023-10-02,100,Extreme Greed
2023-10-03,100,Extreme Greed
2023-10-04,100,Extreme Greed
2023-10-05,100,Extreme Greed
2023-10-06,100,Extreme Greed
2023-10-09,100,Extreme Greed
2023-10-10,100,Extreme Greed
2023-10-11,100,Extreme Greed
2023-10-12,100,Extreme Greed
2023-10-13,100,Extreme Greed
2023-10-16,100,Extreme Greed
2023-10-17,100,Extreme Greed
2023-10-18,100,Extreme Greed
2023-10-19,100,Extreme Greed
2023-10-20,100,Extreme Greed
2023-10-23,100,Extreme Greed
2023-10-24,100,Extreme Greed
2023-10-25,100,Extreme Greed
2023-10-26,100,Extreme Greed
2023-10-27,100,Extreme Greed
2023-10-30,100,Extreme Greed
2023-10-31,100,Extreme Greed
2023-11-01,100,Extreme Greed
2023-11-02,100,Extreme Greed
2023-11-03,100,Extreme Greed
2023-11-06,100,Extreme Greed
2023-11-07,100,Extreme Greed
2023-11-08,100,Extreme Greed
2023-11-09,100,Extreme Greed
2023-11-10,100,Extreme Greed
2023-11-13,100,Extreme Greed
2023-11-14,100,Extreme Greed
2023-11-15,100,Extreme Greed
2023-11-16,100,Extreme Greed
2023-11-17,100,Extreme Greed
2023-11-20,100,Extreme Greed
2023-11-21,100,Extreme Greed
2023-11-22,100,Extreme Greed
2023-11-23,100,Extreme Greed
2023-11-24,100,Extreme Greed
2023-11-27,100,Extreme Greed
2023-11-28,100,Extreme Greed
2023-11-29,100,Extreme Greed
2023-11-30,100,Extreme Greed
2023-12-01,100,Extreme Greed
2023-12-04,100,Extreme Greed
2023-12-05,100,Extreme Greed
2023-12-06,100,Extreme Greed
2023-12-07,100,Extreme Greed
2023-12-08,100,Extreme Greed
2023-12-11,100,Extreme Greed
2023-12-12,100,Extreme Greed
2023-12-13,100,Extreme Greed
2023-12-14,100,Extreme Greed
2023-12-15,100,Extreme Greed
2023-12-18,100,Extreme Greed
2023-12-19,100,Extreme Greed
2023-12-20,100,Extreme Greed
2023-12-21,100,Extreme Greed
2023-12-22,100,Extreme Greed
2023-12-25,100,Extreme Greed
2023-12-26,100,Extreme Greed
2023-12-27,100,Extreme Greed
2023-12-28,100,Extreme Greed
2023-12-29,100,Extreme Greed
2024-01-01,100,Extreme Greed
2024-01-02,100,Extreme Greed
2024-01-03,100,Extreme Greed
2024-01-04,100,Extreme Greed
2024-01-05,100,Extreme Greed
2024-01-08,100,Extreme Greed
2024-01-09,100,Extreme Greed
2024-01-10,100,Extreme Greed
2024-01-11,100,Extreme Greed
2024-01-12,100,Extreme Greed
2024-01-15,100,Extreme Greed
2024-01-16,100,Extreme Greed
2024-01-17,100,Extreme Greed
2024-01-18,100,Extreme Greed
2024-01-19,100,Extreme Greed
2024-01-22,100,Extreme Greed
2024-01-23,100,Extreme Greed
2024-01-24,100,Extreme Greed
2024-01-25,100,Extreme Greed
2024-01-26,100,Extreme Greed
2024-01-29,100,Extreme Greed
2024-01-30,100,Extreme Greed
2024-01-31,100,Extreme Greed
2024-02-01,100,Extreme Greed
2024-02-02,100,Extreme Greed
2024-02-05,100,Extreme Greed
2024-02-06,100,Extreme Greed
2024-02-07,100,Extreme Greed
2024-02-08,100,Extreme Greed
2024-02-09,100,Extreme Greed
2024-02-12,100,Extreme Greed
2024-02-13,100,Extreme Greed
2024-02-14,100,Extreme Greed
2024-02-15,100,Extreme Greed
2024-02-16,100,Extreme Greed
2024-02-19,100,Extreme Greed
2024-02-20,100,Extreme Greed
2024-02-21,100,Extreme Greed
2024-02-22,100,Extreme Greed
2024-02-23,100,Extreme Greed
2024-02-26,100,Extreme Greed
2024-02-27,100,Extreme Greed
2024-02-28,100,Extreme Greed
2024-02-29,100,Extreme Greed
2024-03-01,100,Extreme Greed
2024-03-04,100,Extreme Greed
2024-03-05,100,Extreme Greed
2024-03-06,100,Extreme Greed
2024-03-07,100,Extreme Greed
2024-03-08,100,Extreme Greed
2024-03-11,100,Extreme Greed
2024-03-12,100,Extreme Greed
2024-03-13,100,Extreme Greed
2024-03-14,100,Extreme Greed
2024-03-15,100,Extreme Greed
2024-03-18,100,Extreme Greed
2024-03-19,100,Extreme Greed
2024-03-20,100,Extreme Greed
2024-03-21,100,Extreme Greed
2024-03-22,100,Extreme Greed
2024-03-25,100,Extreme Greed
2024-03-26,100,Extreme Greed
2024-03-27,100,Extreme Greed
2024-03-28,100,Extreme Greed
2024-03-29,100,Extreme Greed
2024-04-01,100,Extreme Greed
2024-04-02,100,Extreme Greed
2024-04-03,100,Extreme Greed
2024-04-04,100,Extreme Greed
2024-04-05,100,Extreme Greed
2024-04-08,100,Extreme Greed
2024-04-09,100,Extreme Greed
2024-04-10,100,Extreme Greed
2024-04-11,100,Extreme Greed
2024-04-12,100,Extreme Greed
2024-04-15,100,Extreme Greed
2024-04-16,100,Extreme Greed
2024-04-17,100,Extreme Greed
2024-04-18,100,Extreme Greed
2024-04-19,100,Extreme Greed
2024-04-22,100,Extreme Greed
2024-04-23,100,Extreme Greed
2024-04-24,100,Extreme Greed
2024-04-25,100,Extreme Greed
2024-04-26,100,Extreme Greed
2024-04-29,100,Extreme Greed
2024-04-30,100,Extreme Greed
2024-05-01,100,Extreme Greed
2024-05-02,100,Extreme Greed
2024-05-03,100,Extreme Greed
2024-05-06,100,Extreme Greed
2024-05-07,100,Extreme Greed
2024-05-08,100,Extreme Greed
2024-05-09,100,Extreme Greed
2024-05-10,100,Extreme Greed
2024-05-13,100,Extreme Greed
2024-05-14,100,Extreme Greed
2024-05-15,100,Extreme Greed
2024-05-16,100,Extreme Greed
2024-05-17,100,Extreme Greed
2024-05-20,100,Extreme Greed
2024-05-21,100,Extreme Greed
2024-05-22,100,Extreme Greed
2024-05-23,100,Extreme Greed
2024-05-24,100,Extreme Greed
2024-05-27,100,Extreme Greed
2024-05-28,100,Extreme Greed
2024-05-29,100,Extreme Greed
2024-05-30,100,Extreme Greed
2024-05-31,100,Extreme Greed
2024-06-03,100,Extreme Greed
2024-06-04,100,Extreme Greed
2024-06-05,100,Extreme Greed
2024-06-06,100,Extreme Greed
2024-06-07,100,Extreme Greed
2024-06-10,100,Extreme Greed
2024-06-11,100,Extreme Greed
2024-06-12,100,Extreme Greed
2024-06-13,100,Extreme Greed
2024-06-14,100,Extreme Greed
2024-06-17,100,Extreme Greed
2024-06-18,100,Extreme Greed
2024-06-19,100,Extreme Greed
2024-06-20,100,Extreme Greed
2024-06-21,100,Extreme Greed
2024-06-24,100,Extreme Greed
2024-06-25,100,Extreme Greed
2024-06-26,100,Extreme Greed
2024-06-27,100,Extreme Greed
2024-06-28,100,Extreme Greed
2024-07-01,100,Extreme Greed
2024-07-02,100,Extreme Greed
2024-07-03,100,Extreme Greed
2024-07-04,100,Extreme Greed
2024-07-05,100,Extreme Greed
2024-07-08,100,Extreme Greed
2024-07-09,100,Extreme Greed
2024-07-10,100,Extreme Greed
2024-07-11,100,Extreme Greed
2024-07-12,100,Extreme Greed
2024-07-15,100,Extreme Greed
2024-07-16,100,Extreme Greed
2024-07-17,100,Extreme Greed
2024-07-18,100,Extreme Greed
2024-07-19,100,Extreme Greed
2024-07-22,100,Extreme Greed
2024-07-23,100,Extreme Greed
2024-07-24,100,Extreme Greed
2024-07-25,100,Extreme Greed
2024-07-26,100,Extreme Greed
2024-07-29,100,Extreme Greed
2024-07-30,100,Extreme Greed
2024-07-31,100,Extreme Greed
2024-08-01,100,Extreme Greed
2024-08-02,100,Extreme Greed
2024-08-05,100,Extreme Greed
2024-08-06,100,Extreme Greed
2024-08-07,100,Extreme Greed
2024-08-08,100,Extreme Greed
2024-08-09,100,Extreme Greed
2024-08-12,100,Extreme Greed
2024-08-13,100,Extreme Greed
2024-08-14,100,Extreme Greed
2024-08-15,100,Extreme Greed
2024-08-16,100,Extreme Greed
2024-08-19,100,Extreme Greed
2024-08-20,100,Extreme Greed
2024-08-21,100,Extreme Greed
2024-08-22,100,Extreme Greed
2024-08-23,100,Extreme Greed
2024-08-26,100,Extreme Greed
2024-08-27,100,Extreme Greed
2024-08-28,100,Extreme Greed
2024-08-29,100,Extreme Greed
2024-08-30,100,Extreme Greed
2024-09-02,100,Extreme Greed
2024-09-03,100,Extreme Greed
2024-09-04,100,Extreme Greed
2024-09-05,100,Extreme Greed
2024-09-06,100,Extreme Greed
2024-09-09,100,Extreme Greed
2024-09-10,100,Extreme Greed
2024-09-11,100,Extreme Greed
2024-09-12,100,Extreme Greed
2024-09-13,100,Extreme Greed
2024-09-16,100,Extreme Greed
2024-09-17,100,Extreme Greed
2024-09-18,100,Extreme Greed
2024-09-19,100,Extreme Greed
2024-09-20,100,Extreme Greed
2024-09-23,100,Extreme Greed
2024-09-24,100,Extreme Greed
2024-09-25,100,Extreme Greed
2024-09-26,100,Extreme Greed
2024-09-27,100,Extreme Greed
2024-09-30,100,Extreme Greed
2024-10-01,100,Extreme Greed
2024-10-02,100,Extreme Greed
2024-10-03,100,Extreme Greed
2024-10-04,100,Extreme Greed
2024-10-07,100,Extreme Greed
2024-10-08,100,Extreme Greed
2024-10-09,100,Extreme Greed
2024-10-10,100,Extreme Greed
2024-10-11,100,Extreme Greed
2024-10-14,100,Extreme Greed
2024-10-15,100,Extreme Greed
2024-10-16,100,Extreme Greed
2024-10-17,100,Extreme Greed
2024-10-18,100,Extreme Greed
2024-10-21,100,Extreme Greed
2024-10-22,100,Extreme Greed
2024-10-23,100,Extreme Greed
2024-10-24,100,Extreme Greed
2024-10-25,100,Extreme Greed
2024-10-28,100,Extreme Greed
2024-10-29,100,Extreme Greed
2024-10-30,100,Extreme Greed
2024-10-31,100,Extreme Greed
2024-11-01,100,Extreme Greed
2024-11-04,100,Extreme Greed
2024-11-05,100,Extreme Greed
2024-11-06,100,Extreme Greed
2024-11-07,100,Extreme Greed
2024-11-08,100,Extreme Greed
2024-11-11,100,Extreme Greed
2024-11-12,100,Extreme Greed
2024-11-13,100,Extreme Greed
2024-11-14,100,Extreme Greed
2024-11-15,100,Extreme Greed
2024-11-18,100,Extreme Greed
2024-11-19,100,Extreme Greed
2024-11-20,100,Extreme Greed
2024-11-21,100,Extreme Greed
2024-11-22,100,Extreme Greed
2024-11-25,100,Extreme Greed
2024-11-26,100,Extreme Greed
2024-11-27,100,Extreme Greed
2024-11-28,100,Extreme Greed
2024-11-29,100,Extreme Greed
2024-12-02,100,Extreme Greed
2024-12-03,100,Extreme Greed
2024-12-04,100,Extreme Greed
2024-12-05,100,Extreme Greed
2024-12-06,100,Extreme Greed
2024-12-09,100,Extreme Greed
2024-12-10,100,Extreme Greed
2024-12-11,100,Extreme Greed
2024-12-12,100,Extreme Greed
2024-12-13,100,Extreme Greed
2024-12-16,100,Extreme Greed
2024-12-17,100,Extreme Greed
2024-12-18,100,Extreme Greed
2024-12-19,100,Extreme Greed
2024-12-20,100,Extreme Greed
2024-12-23,100,Extreme Greed
2024-12-24,100,Extreme Greed
2024-12-25,100,Extreme Greed
2024-12-26,100,Extreme Greed
2024-12-27,100,Extreme Greed
2024-12-30,100,Extreme Greed
2024-12-31,100,Extreme Greed
2025-01-01,100,Extreme Greed
2025-01-02,100,Extreme Greed
2025-01-03,100,Extreme Greed
2025-01-06,100,Extreme Greed
2025-01-07,100,Extreme Greed
2025-01-08,100,Extreme Greed
2025-01-09,100,Extreme Greed
2025-01-10,100,Extreme Greed
2025-01-13,100,Extreme Greed
2025-01-14,100,Extreme Greed
2025-01-15,100,Extreme Greed
2025-01-16,100,Extreme Greed
2025-01-17,100,Extreme Greed
2025-01-20,100,Extreme Greed
2025-01-21,100,Extreme Greed
2025-01-22,100,Extreme Greed
2025-01-23,100,Extreme Greed
2025-01-24,100,Extreme Greed
2025-01-27,100,Extreme Greed
2025-01-28,100,Extreme Greed
2025-01-29,100,Extreme Greed
2025-01-30,100,Extreme Greed
2025-01-31,100,Extreme Greed
2025-02-03,100,Extreme Greed
2025-02-04,100,Extreme Greed
2025-02-05,100,Extreme Greed
2025-02-06,100,Extreme Greed
2025-02-07,100,Extreme Greed
2025-02-10,100,Extreme Greed
2025-02-11,100,Extreme Greed
2025-02-12,100,Extreme Greed
2025-02-13,100,Extreme Greed
2025-02-14,100,Extreme Greed
2025-02-17,100,Extreme Greed
2025-02-18,100,Extreme Greed
2025-02-19,100,Extreme Greed
2025-02-20,100,Extreme Greed
2025-02-21,100,Extreme Greed
2025-02-24,100,Extreme Greed
2025-02-25,100,Extreme Greed
2025-02-26,100,Extreme Greed
2025-02-27,100,Extreme Greed
2025-02-28,100,Extreme Greed
2025-03-03,100,Extreme Greed
2025-03-04,100,Extreme Greed
2025-03-05,100,Extreme Greed
2025-03-06,100,Extreme Greed
2025-03-07,100,Extreme Greed
2025-03-10,100,Extreme Greed
2025-03-11,100,Extreme Greed
2025-03-12,100,Extreme Greed
2025-03-13,100,Extreme Greed
2025-03-14,100,Extreme Greed
2025-03-17,100,Extreme Greed
2025-03-18,100,Extreme Greed
2025-03-19,100,Extreme Greed
2025-03-20,100,Extreme Greed
2025-03-21,100,Extreme Greed
2025-03-24,100,Extreme Greed
2025-03-25,100,Extreme Greed
2025-03-26,100,Extreme Greed
2025-03-27,100,Extreme Greed
2025-03-28,100,Extreme Greed
2025-03-31,100,Extreme Greed
2025-04-01,100,Extreme Greed
2025-04-02,100,Extreme Greed
2025-04-03,100,Extreme Greed
2025-04-04,100,Extreme Greed
2025-04-07,100,Extreme Greed
2025-04-08,100,Extreme Greed
2025-04-09,100,Extreme Greed
2025-04-10,100,Extreme Greed
2025-04-11,100,Extreme Greed
2025-04-14,100,Extreme Greed
2025-04-15,100,Extreme Greed
2025-04-16,100,Extreme Greed
2025-04-17,100,Extreme Greed
2025-04-18,100,Extreme Greed
2025-04-21,100,Extreme Greed
2025-04-22,100,Extreme Greed
2025-04-23,100,Extreme Greed
2025-04-24,100,Extreme Greed
2025-04-25,100,Extreme Greed
2025-04-28,100,Extreme Greed
2025-04-29,100,Extreme Greed
2025-04-30,100,Extreme Greed
2025-05-01,100,Extreme Greed
2025-05-02,100,Extreme Greed
2025-05-05,100,Extreme Greed
2025-05-06,100,Extreme Greed
2025-05-07,100,Extreme Greed
2025-05-08,100,Extreme Greed
2025-05-09,100,Extreme Greed
2025-05-12,100,Extreme Greed
2025-05-13,100,Extreme Greed
2025-05-14,100,Extreme Greed
2025-05-15,100,Extreme Greed
2025-05-16,100,Extreme Greed
2025-05-19,100,Extreme Greed
2025-05-20,100,Extreme Greed
2025-05-21,100,Extreme Greed
2025-05-22,100,Extreme Greed
2025-05-23,100,Extreme Greed
2025-05-26,100,Extreme Greed
2025-05-27,100,Extreme Greed
2025-05-28,100,Extreme Greed
2025-05-29,100,Extreme Greed
2025-05-30,100,Extreme Greed
2025-06-02,100,Extreme Greed
2025-06-03,100,Extreme Greed
2025-06-04,100,Extreme Greed
2025-06-05,100,Extreme Greed
2025-06-06,100,Extreme Greed
2025-06-09,100,Extreme Greed
2025-06-10,100,Extreme Greed
2025-06-11,100,Extreme Greed
2025-06-12,100,Extreme Greed
2025-06-13,100,Extreme Greed
2025-06-16,100,Extreme Greed
2025-06-17,100,Extreme Greed
2025-06-18,100,Extreme Greed
2025-06-19,100,Extreme Greed
2025-06-20,100,Extreme Greed
2025-06-23,100,Extreme Greed
2025-06-24,100,Extreme Greed
2025-06-25,100,Extreme Greed
2025-06-26,100,Extreme Greed
2025-06-27,100,Extreme Greed
2025-06-30,100,Extreme Greed
2025-07-01,100,Extreme Greed
2025-07-02,100,Extreme Greed
2025-07-03,100,Extreme Greed
2025-07-04,100,Extreme Greed
2025-07-07,100,Extreme Greed
2025-07-08,100,Extreme Greed
2025-07-09,100,Extreme Greed
2025-07-10,100,Extreme Greed
2025-07-11,100,Extreme Greed
2025-07-14,100,Extreme Greed
2025-07-15,100,Extreme Greed
2025-07-16,100,Extreme Greed
2025-07-17,100,Extreme Greed
2025-07-18,100,Extreme Greed
2025-07-21,100,Extreme Greed
2025-07-22,100,Extreme Greed
2025-07-23,100,Extreme Greed
2025-07-24,100,Extreme Greed
2025-07-25,100,Extreme Greed
2025-07-28,100,Extreme Greed
2025-07-29,100,Extreme Greed
2025-07-30,100,Extreme Greed
2025-07-31,100,Extreme Greed
2025-08-01,100,Extreme Greed
2025-08-04,100,Extreme Greed
2025-08-05,100,Extreme Greed
2025-08-06,100,Extreme Greed
2025-08-07,100,Extreme Greed
2025-08-08,100,Extreme Greed
2025-08-11,100,Extreme Greed
2025-08-12,100,Extreme Greed
2025-08-13,100,Extreme Greed
2025-08-14,100,Extreme Greed
2025-08-15,100,Extreme Greed
2025-08-18,100,Extreme Greed
2025-08-19,100,Extreme Greed
2025-08-20,100,Extreme Greed
2025-08-21,100,Extreme Greed
2025-08-22,100,Extreme Greed
2025-08-25,100,Extreme Greed
2025-08-26,100,Extreme Greed
2025-08-27,100,Extreme Greed
2025-08-28,100,Extreme Greed
2025-08-29,100,Extreme Greed
2025-09-01,100,Extreme Greed
2025-09-02,100,Extreme Greed
2025-09-03,100,Extreme Greed
2025-09-04,100,Extreme Greed
2025-09-05,100,Extreme Greed
2025-09-08,100,Extreme Greed
2025-09-09,100,Extreme Greed
2025-09-10,100,Extreme Greed
2025-09-11,100,Extreme Greed
2025-09-12,100,Extreme Greed
2025-09-15,100,Extreme Greed
2025-09-16,100,Extreme Greed
2025-09-17,100,Extreme Greed
2025-09-18,100,Extreme Greed
2025-09-19,100,Extreme Greed
2025-09-22,100,Extreme Greed
2025-09-23,100,Extreme Greed
2025-09-24,100,Extreme Greed
2025-09-25,100,Extreme Greed
2025-09-26,100,Extreme Greed
2025-09-29,100,Extreme Greed
2025-09-30,100,Extreme Greed
2025-10-01,100,Extreme Greed
2025-10-02,100,Extreme Greed
2025-10-03,100,Extreme Greed
2025-10-06,100,Extreme Greed
2025-10-07,100,Extreme Greed
2025-10-08,100,Extreme Greed
2025-10-09,100,Extreme Greed
2025-10-10,100,Extreme Greed
2025-10-13,100,Extreme Greed
2025-10-14,100,Extreme Greed
2025-10-15,100,Extreme Greed
2025-10-16,100,Extreme Greed
2025-10-17,100,Extreme Greed
2025-10-20,100,Extreme Greed
2025-10-21,100,Extreme Greed
2025-10-22,100,Extreme Greed
2025-10-23,100,Extreme Greed
2025-10-24,100,Extreme Greed
2025-10-27,100,Extreme Greed
2025-10-28,100,Extreme Greed
2025-10-29,100,Extreme Greed
2025-10-30,100,Extreme Greed
2025-10-31,100,Extreme Greed
2025-11-03,100,Extreme Greed
2025-11-04,100,Extreme Greed
2025-11-05,100,Extreme Greed
2025-11-06,100,Extreme Greed
2025-11-07,100,Extreme Greed
2025-11-10,100,Extreme Greed
2025-11-11,100,Extreme Greed
2025-11-12,100,Extreme Greed
2025-11-13,100,Extreme Greed
2025-11-14,100,Extreme Greed
2025-11-17,100,Extreme Greed
2025-11-18,100,Extreme Greed
2025-11-19,100,Extreme Greed
2025-11-20,100,Extreme Greed
2025-11-21,100,Extreme Greed
2025-11-24,100,Extreme Greed
2025-11-25,100,Extreme Greed
2025-11-26,100,Extreme Greed
2025-11-27,100,Extreme Greed
2025-11-28,100,Extreme Greed
2025-12-01,100,Extreme Greed
2025-12-02,100,Extreme Greed
2025-12-03,100,Extreme Greed
2025-12-04,100,Extreme Greed
2025-12-05,100,Extreme Greed
2025-12-08,100,Extreme Greed
2025-12-09,100,Extreme Greed
2025-12-10,100,Extreme Greed
2025-12-11,100,Extreme Greed
2025-12-12,100,Extreme Greed
2025-12-15,100,Extreme Greed
2025-12-16,100,Extreme Greed
2025-12-17,100,Extreme Greed
2025-12-18,100,Extreme Greed
2025-12-19,100,Extreme Greed
2025-12-22,100,Extreme Greed
2025-12-23,100,Extreme Greed
2025-12-24,100,Extreme Greed
2025-12-25,100,Extreme Greed
2025-12-26,100,Extreme Greed
2025-12-29,100,Extreme Greed
2025-12-30,100,Extreme Greed
2025-12-31,100,Extreme Greed
